<?xml version="1.0" encoding="UTF-8"?>
<!DOCTYPE hibernate-mapping PUBLIC "-//Hibernate/Hibernate Mapping DTD 3.0//EN" "http://hibernate.sourceforge.net/hibernate-mapping-3.0.dtd">
<hibernate-mapping>

<class name="datos.Persona" table="Persona">
    <id column="idPersona" name="idPersona">
      <generator class="identity"/>
    </id>
     <property column="dni" name="dni" type="int"/>
    <property column="apellido" name="apellido" type="string"/>
    <property column="nombre" name="nombre" type="string"/>
</class>    
</hibernate-mapping>
